attr.3d_printing = 3D printing
attr.artificial_intelligence = Artificial Intelligence
attr.acting = Acting
attr.amateur_radio = Amateur radio
attr.animation = Animation
attr.baking = Baking
attr.beekeeping = Beekeeping
attr.blogging = Blogging
attr.board_games = Board games
attr.books = Books
attr.bowling = Bowling
attr.breadmaking = Breadmaking
attr.construction = Construction
attr.candle_making = Candle making
attr.car_maintenance = Car maintenance
attr.card_games = Card games
attr.ceramics = Ceramics
attr.charity_work = Charity work
attr.chess = Chess
attr.cleaning = Cleaning
attr.clothesmaking = Clothesmaking
attr.coffee = Coffee
attr.software_development = Software development
attr.cooking = Cooking
attr.couponing = Couponing
attr.creative_writing = Creative writing
attr.crocheting = Crocheting
attr.cross-stitch = Cross-stitch
attr.dance = Dance
attr.digital_arts = Digital arts
attr.djing = DJing
attr.diy = DIY
attr.drawing = Drawing
attr.electronics = Electronics
attr.embroidery = Embroidery
attr.engraving = Engraving
attr.event_hosting = Event hosting
attr.fashion = Fashion
attr.fashion_design = Fashion design
attr.flower_arranging = Flower arranging
attr.furniture_building = Furniture building
attr.gaming = Gaming
attr.genealogy = Genealogy
attr.graphic_design = Graphic design
attr.hacking = Hacking
attr.herp_keeping = Herp keeping
attr.home_improvement = Home improvement
attr.homebrewing = Homebrewing
attr.houseplant_care = Houseplant care
attr.hydroponics = Hydroponics
attr.jewelry = Jewelry
attr.knitting = Knitting
attr.kombucha = Kombucha
attr.leather_crafting = Leather crafting
attr.podcasts = Podcasts
attr.machining = Machining
attr.magic = Magic
attr.makeup = Makeup
attr.massage = Massage
attr.metalworking = Metalworking
attr.nail_art = Nail art
attr.painting = Painting
attr.photography = Photography
attr.pottery = Pottery
attr.powerlifting = Powerlifting
attr.puzzles = Puzzles
attr.quilting = Quilting
attr.gadgets = Gadgets
attr.robotics = Robotics
attr.sculpting = Sculpting
attr.sewing = Sewing
attr.shoemaking = Shoemaking
attr.singing = Singing
attr.skateboarding = Skateboarding
attr.sketching = Sketching
attr.soapmaking = Soapmaking
attr.social_media = Social media
attr.stand-up_comedy = Stand-up comedy
attr.storytelling = Storytelling
attr.sudoku = Sudoku
attr.table_tennis = Table tennis
attr.thrifting = Thrifting
attr.video_editing = Video editing
attr.video_game_developing = Video game developing
attr.weaving = Weaving
attr.weight_training = Weight training
attr.welding = Welding
attr.wood_carving = Wood carving
attr.woodworking = Woodworking
attr.writing = Writing
attr.yoga = Yoga
attr.zumba = Zumba
attr.hiking = Hiking
attr.reading = Reading
attr.gardening = Gardening
attr.music = Music
attr.dancing = Dancing
attr.aerobics = Aerobics
attr.traveling = Traveling
attr.coding = Coding
attr.sports = Sports
attr.movies = Movies
attr.volunteering = Volunteering
attr.meditation = Meditation
attr.crafting = Crafting
attr.astronomy = Astronomy
attr.backpacking = Backpacking
attr.bird_watching = Bird watching
attr.camping = Camping
attr.canyoning = Canyoning
attr.car_restoration = Car restoration
attr.climbing = Climbing
attr.cryptocurrency = Cryptocurrency
attr.culinary_arts = Culinary arts
attr.cycling = Cycling
attr.drones = Drones
attr.fermentation = Fermentation
attr.film_making = Film making
attr.financial_investing = Financial investing
attr.fishing = Fishing
attr.foraging = Foraging
attr.geocaching = Geocaching
attr.kayaking = Kayaking
attr.martial_arts = Martial arts
attr.mindfulness = Mindfulness
attr.mushroom_hunting = Mushroom hunting
attr.personal_finance = Personal finance
attr.rock_climbing = Rock climbing
attr.running = Running
attr.sustainable_living = Sustainable living
attr.urban_exploration = Urban exploration
attr.alternative_medicine = Alternative medicine
attr.biohacking = Biohacking
attr.cold_plunging = Cold plunging
attr.community_gardening = Community gardening
attr.cybersecurity = Cybersecurity
attr.day_trading = Day trading
attr.deep_cleaning = Deep cleaning
attr.digital_nomadism = Digital nomadism
attr.recipes = Recipes
attr.bodybuilding = Bodybuilding
attr.memes = Memes
attr.metal_detecting = Metal detecting
attr.minimalism = Minimalism
attr.pet_grooming = Pet grooming
attr.podcasting = Podcasting
attr.record_collecting = Record collecting
attr.tiny_homes = Tiny homes
attr.upcycling = Upcycling
attr.virtual_reality = Virtual reality
attr.pc_building = PC building
attr.babysitting = Babysitting
attr.backgammon = Backgammon
attr.bicycles = Bicycles
attr.billiards = Billiards
attr.canned_goods = Canned goods
attr.car_detailing = Car detailing
attr.carpentry = Carpentry
attr.code_review = Code review
attr.comic_books = Comic books
attr.computer_hardware = Computer hardware
attr.computer_repair = Computer repair
attr.concert_tickets = Concert tickets
attr.co-op_gaming = Co-op gaming
attr.creative_brainstorming = Creative brainstorming
attr.dance_lessons = Dance lessons
attr.dog_walking = Dog walking
attr.elderly_care = Elderly care
attr.electronic_components = Electronic components
attr.exercise_partner = Exercise partner
attr.firewood = Firewood
attr.fitness_coaching = Fitness coaching
attr.fresh_eggs = Fresh eggs
attr.furniture_repair = Furniture repair
attr.gardening_advice = Gardening advice
attr.graphic_novels = Graphic novels
attr.guitar = Guitar
attr.handmade = Handmade
attr.handyman_services = Handyman services
attr.hauling_services = Hauling services
attr.herbal_remedies = Herbal remedies
attr.horseback_riding = Horseback riding
attr.interview_practice = Interview practice
attr.language_exchange = Language exchange
attr.lawn_mowing = Lawn mowing
attr.local_tours = Local tours
attr.math_tutoring = Math tutoring
attr.mentorship = Mentorship
attr.motorcycles = Motorcycles
attr.moving_help = Moving help
attr.musical_instruments = Musical instruments
attr.pair_programming = Pair programming
attr.pet_sitting = Pet sitting
attr.photo_restoration = Photo restoration
attr.piano_lessons = Piano lessons
attr.plant_cuttings = Plant cuttings
attr.proofreading = Proofreading
attr.resume_writing = Resume writing
attr.rpg_games = RPG games
attr.scrap_metal = Scrap metal
attr.event_tickets = Event tickets
attr.sports_coaching = Sports coaching
attr.study_partner = Study partner
attr.technical_writing = Technical writing
attr.tennis = Tennis
attr.tool_lending = Tool lending
attr.translation_services = Translation services
attr.used_books = Used books
attr.used_electronics = Used electronics
attr.used_furniture = Used furniture
attr.vehicle_repair = Vehicle repair
attr.video_game_consoles = Video game consoles
attr.vintage_clothing = Vintage clothing
attr.voice_lessons = Voice lessons
attr.ux_design = UX design
attr.window_cleaning = Window cleaning
attr.yard_work = Yard work
attr.drumming = Drumming
attr.vocals = Vocals
attr.permaculture = Permaculture
attr.physical_work = Physical work
attr.business_mentorship = Business Mentorship
attr.spirituality = Spirituality
attr.natural_remedies = Natural remedies
attr.retreats = Retreats
attr.zen = Zen
attr.linux = Linux
attr.app_development = App development
attr.android = Android
attr.ios = iOS
attr.backend_development = Backend development
attr.plumbing = Plumbing
attr.art_exhibitions = Art Exhibitions
attr.environmentalism = Environmentalism
attr.fresh_vegetables = Fresh vegetables
attr.fresh_fruits = Fresh fruits
attr.fresh_herbs = Fresh herbs
attr.tea = Tea
attr.legal_advice = Legal advice
attr.cats = Cats
attr.dogs = Dogs
attr.poker = Poker
attr.trees = Trees
attr.plants = Plants
attr.farm_animals = Farm animals
attr.organic_food = Organic food
attr.technician = Technician
attr.tractor = Tractor
attr.driving = Driving
attr.machinery_operation = Machinery operation
attr.truck_driving = Truck driving
attr.assembly = Assembly
attr.animal_care = Animal care
attr.horses = Horses
attr.goats = Goats
attr.cows = Cows
attr.self-sufficiency = Self-sufficiency
attr.ridesharing = Ridesharing
attr.fruit_harvesting = Fruit harvesting
attr.vegetable_harvesting = Vegetable harvesting
attr.car_cleaning = Car cleaning
attr.farmstay = Farmstay
attr.house_maintenance = House maintenance
attr.shepherding = Shepherding
attr.renovation = Renovation
attr.landscaping = Landscaping
attr.forestry = Forestry
attr.academic_tutoring = Academic tutoring
attr.building_materials = Building materials
attr.spare_parts = Spare parts
attr.alternative_healing = Alternative healing
attr.socializing = Socializing
